93,Huanggang,City,,30.453667,114.872199,CN
36,Adygeysk,City,,44.9981985,39.1148294,RU
96,Piława Górna,City,,50.6927144,16.7525932,PL
78,Jawornik Polski,City,,49.8964958,22.2871234,PL
41,Frankfurt am Main,City,Hessen,50.1616215,8.7032376,DE
86,Vilnius,City,,54.6380366,25.2865584,LT
31,Piritiba,City,,-11.7088712,-40.5940565,BR
23,Villach,City,Kaernten,46.5919484,13.9234172,AT
87,Marfino,City,,55.7039687,37.3835828,RU
50,Njeru,City,,0.4263679,33.1492106,UG
88,Týnec,City,,48.7764948,17.0214389,CZ
20,Aubervilliers,City,Île-de-France,48.9124688,2.3977418,FR
90,Kiruna,City,Norrbotten,67.8256178,20.3351033,SE
32,Géfyra,City,,40.7325414,22.6920826,GR
82,Kumanis,City,,-0.5256169,100.8790171,ID
21,Gandara,City,Porto,41.3371316,-8.5394062,PT
82,Langsa,City,,4.4725348,97.9756343,ID
92,Nansan,City,,23.775772,98.825866,CN
82,Nārāyanganj,City,,23.6237888,90.4997867,BD
5,Jasieniec,City,,51.8139074,21.025291,PL
48,Toki,City,,35.4383695,137.2435332,JP
42,Nongoma,City,,-27.8942891,31.6454222,ZA
99,Liangting,City,,30.543283,117.062623,CN
99,Dashev,City,,48.9957904,29.4397153,UA
64,Garwolin,City,,51.8971987,21.6149393,PL
57,Huilongshan,City,,30.608675,114.980217,CN
20,San Pablo,City,,9.696521,-84.051283,CR
85,Xihe,City,,34.014215,105.298756,CN
8,Jega,City,,12.2257507,4.3822109,NG
86,Yabuli,City,,44.780865,128.447649,CN
11,Seaforth,City,,17.9453521,-76.4534165,JM
48,Zlataritsa,City,,43.8322875,25.9534752,BG
43,Kaset Wisai,City,,15.5906551,103.5899733,TH
65,Sidaurip,City,,-7.690753,109.2861268,ID
17,Göteborg,City,Västra Götaland,57.7314161,12.0625459,SE
99,Seririt,City,,-8.2053196,114.9279547,ID
72,Muqi,City,,31.213534,121.445448,CN
18,Kuasha,City,,32.610076,101.529663,CN
64,Kubang,City,,-0.1423977,100.4902451,ID
67,Kongoussi,City,,13.3252954,-1.5257042,BF
79,Logovskoye,City,,53.4507552,84.1556369,RU
82,Toguchin,City,,55.2397021,84.4237855,RU
51,Psáry,City,,49.9390977,14.5064706,CZ
68,Brzeszcze,City,,49.966515,19.177858,PL
3,Dimitrovgrad,City,,42.1400691,25.5719576,BG
17,Kragujevac,City,,44.0127932,20.9114225,RS
92,Shinao,City,,28.391349,115.299029,CN
98,Radzanów,City,,51.5574609,20.8640191,PL
53,Cachí,City,,-34.6507337,-58.4114593,AR
94,Xietang,City,,30.938787,120.891293,CN
36,Guanay,City,,-15.4979257,-67.8823146,BO
31,Nglengkir,City,,-6.9175575,111.5140386,ID
93,Kaélé,City,,10.1111834,14.4432179,CM
49,Ḩawsh ‘Īsá,City,,30.9128,30.29018,EG
68,Qīr Moāv,City,,31.18248,35.69999,JO
21,Andrushivka,City,,50.0312719,29.0216369,UA
32,Xilu,City,,23.377789,116.508701,CN
14,Västerås,City,Västmanland,59.6833779,16.6108186,SE
50,Apartadó,City,,7.882761,-76.624692,CO
75,Żebbuġ,City,,36.07222,14.23583,MT
70,Agodim,City,Leiria,39.8088955,-8.7332644,PT
15,Chernyakhovsk,City,,54.6437754,21.780179,RU
1,Sandaoba,City,,44.109264,87.626156,CN
29,Lankaran,City,,38.7528669,48.8475015,AZ
23,Juegang,City,,29.83622,91.64777,CN
65,Moriya,City,,37.3329941,140.2344463,JP
74,Lahad Datu,City,Sabah,5.0281872,118.3157161,MY
50,Los Frentones,City,,-26.4070347,-61.4128561,AR
83,Heiiyugou,City,,40.798124,120.5550729,CN
85,Magepanda,City,,-8.553113,122.0155491,ID
68,Sumberdangdang,City,,-8.0591896,112.2014675,ID
43,Malitubog,City,,7.3333335,124.5666656,PH
68,Talakag,City,,8.2321816,124.602106,PH
42,Huyuan,City,,28.572029,109.482078,CN
22,Harrismith,City,,-28.2999243,29.0081662,ZA
80,Jacksonville,City,Florida,30.3276652,-81.6631259,US
98,Kutorejo,City,,-7.572027,112.5125893,ID
51,Suizhou,City,,31.690215,113.382458,CN
40,Liangyaping,City,,30.674362,107.803911,CN
39,Saint-Péray,City,Rhône-Alpes,44.9447526,4.8413855,FR
3,Murtajih,City,,-7.1733576,113.5103504,ID
9,Macieira de Rates,City,Braga,41.430751,-8.6435589,PT
65,Huayan,City,,32.04141,119.595828,CN
65,Leidian,City,,30.520783,120.145342,CN
43,Souq Larb’a al Gharb,City,,34.68664,-6.00272,MA
30,Botou,City,,38.083437,116.578368,CN
72,Kangshan,City,,39.630867,118.180193,CN
11,Armstrong,City,British Columbia,50.44979,-119.20235,CA
98,Pul-e Sangī,City,,34.5107638,69.1173623,AF
59,Kcynia,City,,52.99166,17.4884299,PL
93,Bouna,City,,9.2716618,-2.9925577,CI
33,Ulee Gle,City,,4.9026627,97.7878579,ID
99,Liangting,City,,30.543283,117.062623,CN
34,Huancarqui,City,,-16.0922549,-72.4701945,PE
23,Pare,City,,-7.765512,112.197899,ID
49,Concepción,City,,14.7673116,-91.133737,GT
48,San Luis,City,Coahuila De Zaragoza,22.1564699,-100.9855409,MX
86,Honolulu,City,Hawaii,21.31,-157.86,US
56,Doblas,City,,-34.7089038,-58.6427861,AR
79,Bebae,City,,-10.5398609,121.9387783,ID
83,Santo Ângelo,City,,-28.3006117,-54.2673083,BR
17,Aguiar da Beira,City,Guarda,40.816453,-7.5454104,PT
91,Mekarsari,City,,-8.3765619,115.1918802,ID
82,Janūb as Surrah,City,,29.26917,47.97806,KW
5,Cimuncang,City,,-6.1130137,106.1610343,ID
25,Landerneau,City,Bretagne,48.3728929,-4.212759,FR
99,Waimangura,City,,-9.4964,119.2262667,ID
57,St. Anton an der Jeßnitz,City,Niederösterreich,48.0147763,15.2299747,AT
35,Fuyong,City,,22.671042,113.823131,CN
38,Doubravice nad Svitavou,City,,49.4390256,16.6408689,CZ
75,Pocpo,City,,-18.7942434,-67.0464591,BO
9,Ganping,City,,30.132282,109.857969,CN
16,Titay,City,,7.871544,122.550568,PH
73,Ryūgasaki,City,,35.9469003,140.1961209,JP
44,Kosaya Gora,City,,57.6814887,39.8556491,RU
84,Lindi,City,,-9.9876076,39.6982485,TZ
13,Stoney Ground,City,,18.2178068,-63.0471786,AI
71,Fornelos,City,Vila Real,41.2469904,-7.8087614,PT
38,Asempapak,City,,-6.9957759,112.5677183,ID
18,Pasto,City,,1.2296124,-77.3439283,CO
69,Canomoy,City,,12.1409532,123.2760396,PH
11,Sbo’o,City,,-6.8723784,107.5815795,ID
26,Akonolinga,City,,3.7827632,12.2490697,CM
82,Lamatuka,City,,-8.3724396,123.4887939,ID
22,Bitung,City,,1.4403744,125.1216524,ID
95,Huntington,City,West Virginia,38.4099999,-82.4599999,US
18,Washington,City,District of Columbia,38.8943618,-77.04997,US
87,Chortkiv,City,,49.0108843,25.8026512,UA
18,Shedok,City,,44.2167852,40.8422117,RU
53,Rizómata,City,,40.3515428,22.2116432,GR
95,Habiganj,City,,24.4771236,91.4506565,BD
4,Mulong,City,,25.2911632,110.2982851,CN
35,Dongdong,City,,23.3790333,113.7632828,CN
91,Qasr Abu Hadi,City,,31.0531534,16.6556575,LY
56,Carbonear,City,Newfoundland and Labrador,47.731518,-53.2341123,CA
68,Bielice,City,,53.2001742,14.7571949,PL
43,Letlhakeng,City,,-24.097317,25.0288051,BW
24,Abreus,City,,22.2795961,-80.5716199,CU
23,Shumerlya,City,,55.5039231,46.3984938,RU
23,Bojen Kulon,City,,-6.571261,105.782995,ID
38,Dhrosiá,City,,38.119756,23.8661305,GR
83,Sundbyberg,City,Stockholm,59.3770112,17.9485065,SE
37,Gargaliánoi,City,,37.0654883,21.6379278,GR
21,San José de Comayagua,City,,14.7292113,-88.0338631,HN
96,Biito,City,,-9.6481,124.5579,ID
36,Tajerouine,City,,35.8904199,8.5528746,TN
20,Eindhoven,City,Provincie Noord-Brabant,51.490189,5.4711208,NL
7,Xiakouyi,City,,33.2064,106.425174,CN
11,Kertasari,City,,-7.2760371,107.6925674,ID
10,Bonneuil-sur-Marne,City,Île-de-France,48.7717343,2.5030826,FR
48,Nova Iguaçu,City,,-22.7561319,-43.4607419,BR
32,Camacha,City,Ilha da Madeira,32.679852,-16.8502879,PT
1,Monamon,City,,16.8449454,120.8719556,PH
86,Medenychi,City,,49.4289115,23.7472952,UA
12,Borovskiy,City,,57.0473862,65.7110972,RU
41,Novokhopërsk,City,,51.0969,41.6252,RU
22,Aozou,City,,21.8163242,17.4307172,TD
95,Floda,City,Västra Götaland,57.8163425,12.3873642,SE
99,Al Mazzūnah,City,,34.5773859,9.8431866,TN
86,Waina,City,,18.4622215,73.8899328,CN
53,Camp Thorel,City,,-20.210385,57.6240731,MU
14,Grodków,City,,50.69625,17.38516,PL
25,Tournon-sur-Rhône,City,Rhône-Alpes,45.052484,4.8398662,FR
58,Ngou,City,,7.1934002,15.2180188,CM
37,Nanterre,City,Île-de-France,48.9003986,2.2166408,FR
6,Tagakpan,City,,7.0708519,125.4704601,PH
100,Rawa Satu,City,,-7.025171,107.5168417,ID
4,Nangerang,City,,-6.6970726,107.5357224,ID
96,Admiralteisky,City,,59.9028865,30.3175834,RU
49,Cangkeuteuk Sabrang,City,,-6.7267,105.6259,ID
63,Bobonan,City,,16.1391267,120.5244987,PH
72,Penghua,City,,29.655143,121.406995,CN
84,Luopu,City,,37.073667,80.188986,CN
81,Huaqiao,City,,24.9372186,118.6422409,CN
84,San Miguel,City,,8.955271,126.009711,PH
78,IJmuiden,City,Provincie Noord-Holland,52.4500648,4.5789114,NL
50,Melíti,City,,40.83,21.581667,GR
7,Nice,City,Provence-Alpes-Côte d'Azur,43.6953508,7.2559678,FR
85,Cayna,City,,-6.760856,-79.8310829,PE
3,Voorburg,City,Provincie Zuid-Holland,52.0726169,4.3505874,NL
92,Waitakere,City,,-36.8189073,174.5536678,NZ
94,Pakkat,City,,2.160693,98.4403573,ID
75,Tenancingo,City,,13.8354819,-88.9856574,SV
44,Haihui,City,,35.5925398,118.815842,CN
35,Alvaro Obregon,City,Chiapas,19.4127929,-99.1186381,MX
9,Dubu,City,,42.4947806,-90.7164246,CN
50,El Playón,City,,7.470498,-73.203211,CO
75,Sājir,City,,25.1858677,44.6019551,SA
85,Kara-Balta,City,,42.8212455,73.8536683,KG
92,Xiapu,City,,26.885704,120.005147,CN
99,Wonodadi,City,,-8.0475926,112.0118669,ID
5,Andongsari,City,,-8.3743886,113.6383187,ID
16,Gribanovskiy,City,,51.4438248,41.9604082,RU
10,San Miguel,City,,8.955271,126.009711,PH
53,Luxia,City,,27.171521,119.227978,CN
55,Mitrofanovka,City,,52.5264066,85.1824498,RU
88,Dolní Sloupnice,City,,49.9257105,16.2979279,CZ
23,Julayjilah,City,,25.5025179,49.5999539,SA
89,Eindhoven,City,Provincie Noord-Brabant,51.5244042,5.7576526,NL
51,Soraya,City,,-23.9868815,-46.237832,PE
71,Bouzov,City,,49.7049411,16.8895083,CZ
61,Kafyr-Kumukh,City,,42.854367,47.188097,RU
52,Limbaži,City,,57.5129829,24.721996,LV
41,Huai Yot,City,,7.7734885,99.6230001,TH
14,Oslo,City,Oslo,59.9251831,10.8203114,NO
81,Bogoroditsk,City,,53.771559,38.1392615,RU
32,Libertad,City,,14.5473421,120.997522,PH
39,Bato,City,,14.5144041,121.0406718,PH
12,Dorupare,City,,-8.8229,121.053,ID
18,Sierpc,City,,52.8568142,19.669432,PL
35,Haparanda,City,Norrbotten,65.9360924,23.9406659,SE
85,Ocoyo,City,,-14.05,-74.966667,PE
71,La Paz,City,Oaxaca,24.1426408,-110.3127531,MX
55,Bayt ‘Īnūn,City,,31.5587,35.1244,PS
62,Куклиш,City,,41.407302,22.6642592,MK
21,Zhoutou,City,,29.86548,116.328879,CN
70,Lota,City,,-37.0920575,-73.1545822,CL
54,Basel,City,Kanton Basel-Stadt,47.4978346,7.5961692,CH
15,Tochio-honchō,City,,35.6963947,139.6800321,JP
48,Jīwani,City,,25.2284355,61.8951809,PK
70,Tunasbaru,City,,-1.4926759,103.5494757,ID
46,Magsalangi,City,,12.2200003,123.4869995,PH
93,Salcedo,City,,14.5560877,121.0155081,PH
27,Mahdia,City,,43.6422125,-79.3744257,GY
15,Loreto,City,,14.657758,120.9888316,PH
29,Bologoye,City,,57.8754385,34.068866,RU
68,San Felipe,City,,14.63441,-91.578904,GT
12,Rajūzah,City,,16.70056,44.41454,YE
46,Phủ Thông,City,,22.2724243,105.8804085,VN
69,Polkowice,City,,51.5024848,16.0620494,PL
98,Tomiya,City,,38.3934967,140.8864742,JP
64,Ijuí,City,,-28.3833642,-53.929557,BR
27,Huayllo,City,,-14.1325,-73.268611,PE
45,Feteira Pequena,City,Ilha de São Miguel,39.4928944,-8.8783525,PT
14,Uurainen,City,,62.443933,24.9756208,FI
25,Świecie,City,,53.3928271,18.3836801,PL
40,Guankou,City,,28.168791,113.641688,CN
56,Guandian,City,,22.285839,114.152999,CN
77,Otok,City,,46.3277049,16.5850718,HR
91,Wenshao,City,,27.993828,120.699361,CN
20,Vạn Giã,City,,12.6920562,109.2221964,VN
63,Taquaritinga,City,,-21.4099469,-48.5076885,BR
59,Narathiwat,City,,6.4482939,101.8107351,TH
42,Zavety Il’icha,City,,49.03737,140.26989,RU
32,Sungailiat,City,,-1.877183,106.1149182,ID
73,Vakhsh,City,,37.6796771,68.8347313,TJ
14,Dake,City,,26.076336,103.556409,CN
70,Choujiang,City,,30.284562,122.086156,CN
28,Bezenchuk,City,,52.9779583,49.4270742,RU
86,Sherwood Park,City,Alberta,53.5412083,-113.2957365,CA
88,Mopipi,City,,-21.2001343,24.8656498,BW
3,Amfíkleia,City,,38.6390583,22.5927946,GR
49,Sarlat-la-Canéda,City,Aquitaine,44.8855006,1.2172257,FR
62,Fengjiang,City,,27.948308,109.599191,CN
26,Houston,City,Texas,29.7322762,-95.3755461,US
96,San José de Ocoa,City,,18.5459909,-70.5072599,DO
57,Bužim,City,,45.0510883,16.0518078,BA
73,Fuli,City,,51.5420631,7.6793978,CN
69,Murtajih,City,,-7.1733576,113.5103504,ID
41,Dinskaya,City,,45.1242818,39.3719039,RU
54,Sungailiat,City,,-1.877183,106.1149182,ID
95,Tāndo Mittha Khān,City,,25.8626983,69.1193694,PK
22,Patrída,City,,40.561598,22.1857013,GR
62,Klumbu,City,,-8.7183,115.5233,ID
60,Dietaisi,City,,38.809086,112.214443,CN
61,Itagibá,City,,-14.2329823,-39.8579118,BR
24,Fangzheng,City,,45.851694,128.8295359,CN
65,An Châu,City,,21.355574,106.8355372,VN
83,São João dos Patos,City,,-6.4937893,-43.7039903,BR
55,Stockholm,City,Stockholm,47.0163969,-68.1430029,SE
20,Francova Lhota,City,,49.2017413,18.1117597,CZ
25,Buyunshan,City,,40.024639,122.711528,CN
38,Hwange,City,,-18.3558779,26.5019976,ZW
83,Jiaoqi,City,,25.387672,100.646607,CN
60,Bang Rak,City,,13.7246078,100.5148471,TH
49,Kandi,City,,11.1305191,2.9325785,BJ
95,Magtangol,City,,14.592558,121.0227579,PH
50,Bisée,City,,14.0242809,-60.9758292,LC
89,Brok,City,,52.6973953,21.8470553,PL
19,Wanglu Kulon,City,,-7.0219756,111.7301652,ID
78,Anicuns,City,,-16.4613315,-49.9588111,BR
44,Krajan,City,,-7.5450262,111.6556388,ID
11,Dębica,City,,51.64438,22.561217,PL
7,Ñuñoa,City,,-14.4760253,-70.6365505,PE
3,Shekou,City,,22.483182,113.916509,CN
84,Tetovo,City,,42.009313,20.9713986,MK
12,Venilale,City,,-8.6417702,126.3795987,TL
37,Sungai Nyamuk,City,,4.1175121,117.8663075,ID
64,Vukovije Donje,City,,44.4635116,18.7494454,BA
29,Wasquehal,City,Nord-Pas-de-Calais,50.6638362,3.119593,FR
20,Kingston,City,,-29.0563937,167.959588,NF
55,Sergelen,City,,47.6126,107.0219496,MN
35,Marabahan,City,,-2.9062039,114.6905436,ID
16,Durrës,City,,41.3245904,19.4564686,AL
49,Jiangxi,City,,27.0874564,114.9042208,CN
18,Markaz al Marīr,City,,13.98178,43.59547,YE
39,Brzeźnica,City,,51.7173795,15.4240467,PL
57,La Mula,City,,8.5743021,-70.3762423,VE
45,Dayton,City,Ohio,39.7912709,-84.3226488,US
6,Wenquan,City,,31.364042,108.520914,CN
34,Dublin,City,,53.3347733,-6.2427004,IE
10,Västerås,City,Västmanland,59.6013651,16.4793546,SE
22,Fengmu,City,,19.214452,110.019489,CN
13,Jatirejo,City,,-7.617735,112.4172256,ID
79,Rio Covo,City,Braga,41.529235,-8.5859581,PT
22,Yuncheng,City,,35.026516,111.00746,CN
22,Parajara,City,,-10.5971,121.8889,ID
69,Sicamous,City,British Columbia,50.83312,-118.98565,CA
37,Kruisfontein,City,,-34.007765,24.7371099,ZA
40,Shewopo,City,,37.136553,120.878247,CN
38,Toyama-shi,City,,36.6728694,137.2123102,JP
81,Votkinsk,City,,57.0384344,54.0037032,RU
3,Belišće,City,,45.6878582,18.4041894,HR
70,Libiąż,City,,50.0827667,19.3528069,PL
42,Nanzhao,City,,33.489877,112.429133,CN
3,Yuci,City,,37.697794,112.708224,CN
98,Umeå,City,Västerbotten,63.8288884,20.2663426,SE
50,Youzha,City,,30.673618,118.382379,CN
23,Lantang,City,,33.052654,115.996709,CN
87,Sainte-Anne-de-Bellevue,City,Québec,45.4032761,-73.9503607,CA
12,Boromlya,City,,50.6157447,34.9855215,UA
64,Baranów,City,,52.1474235,20.4745018,PL
81,Vidoši,City,,43.7713642,17.0283262,BA
54,Boñgalon,City,,16.0107976,120.1534815,PH
51,Xiehu,City,,30.2427011,120.1502699,CN
73,Asarum,City,Blekinge,56.2094069,14.8470274,SE
98,Apt,City,Provence-Alpes-Côte d'Azur,43.89144,5.381848,FR
83,Mont-Laurier,City,Québec,46.5485854,-75.5194643,CA
51,Huaihua,City,,27.569517,110.001922,CN
12,Menzel Jemil,City,,37.2083179,9.9576849,TN
18,Yunchi,City,,30.47863,111.459076,CN
56,Obeliai,City,,55.96667,25.15,LT
35,Vallentuna,City,Stockholm,59.6535297,18.3648033,SE
87,Baardheere,City,,2.3390467,42.2880059,SO
16,Vostryakovo,City,,55.6613674,37.4429397,RU
85,Codó,City,,-4.4605557,-43.88945,BR
22,Shahr-e Bābak,City,,30.1172159,55.1210303,IR
61,Inuotose,City,,40.6039378,141.3259605,JP
11,Nigríta,City,,40.9084768,23.5004731,GR
30,Trollhättan,City,Västra Götaland,58.261515,12.2964905,SE
71,Zongga,City,,28.851022,85.297513,CN
45,Campamento,City,,14.547741,-86.6661453,HN
81,Jiazi,City,,22.879493,116.061522,CN
54,Qitao,City,,26.053583,117.870803,CN
83,Nanping,City,,26.641774,118.17771,CN
98,Yangdun,City,,27.021596,117.879608,CN
69,Ilyich,City,,44.8722614,64.764401,KZ
50,Kahrīz,City,,37.8744535,44.9801966,IR
88,Igreja,City,Viseu,41.0734242,-7.7770505,PT
80,Negoslavci,City,,45.2710602,18.9948258,HR
72,Santa Apolonia,City,,14.7902447,-90.9740093,GT
36,Shushary,City,,59.7959318,30.3954982,RU
77,Tobol,City,,52.695844,62.5884412,KZ
70,San Antonio,City,,-38.0123723,-57.5938573,AR
57,Kil,City,Värmland,59.5135547,13.3075189,SE
68,Gospić,City,,44.5469337,15.3750495,HR
72,Crauthem,City,,49.5376953,6.1470475,LU
66,Franco da Rocha,City,,-23.3233727,-46.7294577,BR
4,Arroyo Naranjo,City,,23.018033,-82.3343375,CU
26,Prengtale,City,,-7.0972,113.6404,ID
90,Tagakpan,City,,7.0708519,125.4704601,PH
46,Singosari,City,,-7.8848787,112.6722635,ID
45,Maiyema,City,,12.0805088,4.3693604,NG
20,Taodian,City,,30.536514,114.975487,CN
81,Buliok,City,,7.073684,124.720103,PH
81,Shuiyang,City,,39.930131,116.373338,CN
71,Cidahu,City,,-6.7697476,106.7293611,ID
3,Bohdalov,City,,49.4744879,15.8691305,CZ
46,Paranapanema,City,,-23.3866812,-48.7218983,BR
66,Garoua,City,,9.3226016,13.393389,CM
30,Minneapolis,City,Minnesota,45.0497462,-93.4824636,US
87,Pandan,City,,11.7367016,122.0389128,PH
5,Barengkok Hilir,City,,-6.7663,105.9234,ID
59,Jarash,City,,32.2746515,35.8960765,JO
94,Zhenhai,City,,29.948998,121.716539,CN
16,Luján de Cuyo,City,,-32.8259485,-68.8413237,AR
59,Zaragoza,City,Coahuila De Zaragoza,28.4943597,-100.9185477,MX
14,Arrepiado,City,Santarém,39.4546797,-8.398033,PT
72,Tower,City,,35.7797381,-80.7087609,IE
80,Constance,City,Porto,41.2126829,-8.1644142,PT
50,Leiden,City,Provincie Zuid-Holland,52.1513886,4.4982869,NL
20,Flor da Mata,City,Setúbal,38.6032329,-9.1057581,PT
1,Stenungsund,City,Västra Götaland,57.7162077,12.0399013,SE
18,Sapat,City,,-0.3372032,103.3702811,ID
43,Chambishi,City,,-12.6339242,28.0537367,ZM
21,Shangsha,City,,28.228209,112.938814,CN
30,Luoxi,City,,23.043061,113.298675,CN
78,Kuchurhan,City,,46.7306768,29.9803379,UA
23,Pakuncen,City,,-7.7981151,110.350244,ID
1,Mandaue City,City,,10.334895,123.933309,PH
59,Maghār,City,,32.890704,35.40461,IL
42,Cruz del Eje,City,,-31.4847366,-64.2108962,AR
44,Storozhevaya,City,,43.8793185,41.4584783,RU
23,Maisons-Alfort,City,Île-de-France,48.8039832,2.4347009,FR
95,Jokkmokk,City,Norrbotten,66.6037775,19.7799895,SE
43,Shigu,City,,27.522725,112.507849,CN
7,Guizi,City,,35.024634,110.99742,CN
49,Thala,City,,35.5732078,8.6683097,TN
97,San Antonio,City,Texas,29.5613789,-98.5612534,US
40,Shangyu,City,,30.03312,120.868122,CN
17,West Palm Beach,City,Florida,26.6664174,-80.0894977,US
30,Cahuanuyo,City,,-14.34147,-71.46311,PE
68,Santo Amaro,City,Ilha de São Jorge,38.6803776,-28.1854042,PT
68,Taipei,City,,25.0329694,121.5654177,TW
47,Nguru,City,,12.8775114,10.4565159,NG
91,Kojagete,City,,-8.4485948,122.373094,ID
7,Arcos,City,Viseu,41.0451316,-7.5716862,PT
10,Marseille,City,Provence-Alpes-Côte d'Azur,43.3032794,5.380142,FR
99,Pora,City,,-8.8313638,121.8363339,ID
30,Phitsanulok,City,,16.8211238,100.2658516,TH
22,Cork,City,,51.923707,-8.489012,IE
62,Taipingxu,City,,25.169786,110.160651,CN
4,Kouloúra,City,,40.5454837,22.3173143,GR
75,Mislīyah,City,,32.38613,35.2878,PS
7,Ush-Tyube,City,,45.2415442,77.9726477,KZ
36,Calebasses,City,,-20.1174305,57.5561071,MU
33,Kiiminki,City,,65.0344464,25.8438146,FI
48,Kafr ash Shaykh,City,,31.3085444,30.8039474,EG
14,Tucson,City,Arizona,32.2680738,-110.9923904,US
43,Engenho,City,Porto,41.2681051,-8.308171,PT
83,Probolinggo,City,,-7.7764226,113.2037131,ID
35,Bolorejo,City,,-8.053523,111.8598395,ID
71,Pleszew,City,,51.8971298,17.7805434,PL
7,Rönninge,City,Stockholm,59.1894804,17.7558589,SE
16,El Carmen,City,,8.50874,-73.4488,CO
31,Gramaços,City,Coimbra,40.3464743,-7.8548033,PT
56,Lebao,City,,-8.4769874,123.0845277,ID
55,Chornorudka,City,,49.8461722,29.0542223,UA
9,Castres,City,Midi-Pyrénées,43.7058177,2.1365748,FR
47,Cikaung,City,,-6.3079232,107.172085,ID
7,Daşoguz,City,,41.8368737,59.9651904,TM
22,Sungai Raya,City,,-0.2467982,109.6163185,ID
30,Yinjiacheng,City,,36.188112,106.951372,CN
18,Isoka,City,,-10.1535089,32.6362231,ZM
4,Itaperuçu,City,,-25.1169056,-49.5076392,BR
63,Bassar,City,,9.2610914,0.7770529,TG
83,Liaozhong,City,,41.516826,122.765409,CN
37,Erenhot,City,,43.653169,111.977943,CN
54,Panunggangan,City,,-6.2256842,106.6438673,ID
1,Rimouski,City,Québec,48.4353479,-68.5537635,CA
17,Santiago de los Caballeros,City,,19.4771559,-70.6636064,DO
3,Lucheng,City,,36.334104,113.228852,CN
75,Nila Dua,City,,-6.2185725,106.9723202,ID
81,Subusub,City,,16.228139,120.4936309,PH
91,Tuopu,City,,29.9188786,121.8108521,CN
47,Wenceslao Escalante,City,,-31.4603741,-64.1959217,AR
83,Lewograran,City,,-8.4702242,123.031062,ID
92,Beidaihehaibin,City,,39.8230099,119.4891595,CN
85,Carmelo,City,,10.7027142,123.8022032,PH
53,Douba,City,,35.0633042,116.3184614,CN
45,Szombathely,City,Vas,46.3743832,17.7845904,HU
16,Boluo,City,,23.17277,114.289528,CN
33,Jinniu,City,,30.691359,104.052236,CN
65,Gualeguay,City,,-34.6961915,-58.8423829,AR
84,Potosí,City,,-19.5722805,-65.7550063,BO
22,Shatian,City,,22.919769,113.618216,CN
86,Suchedniów,City,,51.04762,20.8292701,PL
93,Thị Trấn Quan Hóa,City,,20.3814569,105.1171246,VN
84,Ban Phaeo,City,,13.5924758,100.1031202,TH
34,Töreboda,City,Västra Götaland,58.7075528,14.1266322,SE
31,Xianghe,City,,39.761424,117.006093,CN
11,Shuitou,City,,24.705643,118.43196,CN
89,Bāsawul,City,,34.2423088,70.8744255,AF
40,Petropavlovskaya,City,,54.9751557,82.8637405,RU
21,Daguo,City,,38.070311,114.411459,CN
69,Yŏng-dong,City,,37.4732405,126.6311968,KR
53,Kool Tengah,City,,-6.985714,110.431156,ID
69,Lohayong,City,,-8.4375675,123.0760876,ID
24,Binangun,City,,-8.2127777,112.3456985,ID
13,Korenëvo,City,,51.4523697,34.8557117,RU
99,Ilhéus,City,,-14.7929927,-39.0459316,BR
51,Nanggela,City,,-6.8068824,108.5552215,ID
60,Gurbuki,City,,42.610438,47.5970197,RU
49,Pisz,City,,53.8044834,21.7303948,PL
11,Tanahmerah,City,,-6.080007,140.276147,ID
3,Cama Juan,City,,15.3833332,120.8000031,PH
72,Hongshi,City,,29.891868,119.574295,CN
53,Cândido Mota,City,,-22.7475609,-50.3834929,BR
62,Leskovec pri Krškem,City,,45.9402271,15.4773182,SI
80,Norrköping,City,Östergötland,58.6144923,16.1378776,SE
42,Les Clayes-sous-Bois,City,Île-de-France,48.8276508,1.9697936,FR
22,Dŭstí,City,,37.3520055,68.6767454,TJ
38,Suka Makmue,City,,4.1772002,96.3119743,ID
80,Kaolack,City,,14.1652083,-16.0757749,SN
40,Stony Hill,City,,18.0736829,-76.7942403,JM
76,Smyga,City,,50.2414199,25.7622611,UA
62,Biltine,City,,14.5257818,20.9238397,TD
27,Montpellier,City,Languedoc-Roussillon,43.6218385,3.8403455,FR
31,Hasaki,City,,35.7453776,140.8272903,JP
89,Oxelösund,City,Södermanland,58.6842686,17.0452859,SE
59,Kafr Şūr,City,,32.244032,35.064616,PS
92,Kilim,City,,10.729632,124.795761,PH
94,Västerås,City,Västmanland,59.6833779,16.6108186,SE
98,Tanjungjaya,City,,-6.5115909,105.652983,ID
53,Tosno,City,,59.5403823,30.8896701,RU
69,Tagta,City,,41.65041,59.9164,TM
68,Salimbao,City,,7.2225,124.25333,PH
61,Puerto Cabezas,City,,14.0391161,-83.3949632,NI
80,Ústí nad Labem,City,,50.7070737,14.0050148,CZ
51,La Cumbre,City,,3.649442,-76.567956,CO
83,Amadora,City,Lisboa,38.7377792,-9.2135043,PT
97,Renhe,City,,26.497765,101.738528,CN
65,Jōetsu,City,,37.0909826,138.1698009,JP
12,Lintingkou,City,,39.635068,117.515189,CN
18,Solna,City,Stockholm,59.3650479,17.9947004,SE
68,Petit Valley,City,,10.701232,-61.5471829,TT
40,Leceia,City,Lisboa,38.728816,-9.2845804,PT
78,Runting,City,,-6.7189946,111.0479956,ID
18,Yuanqiao,City,,32.5639,120.396768,CN
15,Sukhirin,City,,5.9532298,101.6954435,TH
72,Kandava,City,,57.033151,22.7767899,LV
72,Kidal,City,,18.4520713,1.4096535,ML
100,Jelsa,City,,43.1617132,16.6926372,HR
18,Sukpak,City,,51.645278,94.265833,RU
62,Shangchewan,City,,29.806827,113.013638,CN
46,Guixi,City,,28.292519,117.245497,CN
63,Artesianón,City,,39.40278,21.89472,GR
29,Ronfe,City,Braga,41.4358155,-8.3999197,PT
100,Fu’an,City,,27.088049,119.647769,CN
55,5 de Mayo,City,Tamaulipas,19.2874648,-99.6494479,MX
12,União,City,,-4.5848377,-42.8572386,BR
45,Jiangning,City,,31.953702,118.839685,CN
4,Salcedo,City,,14.5560877,121.0155081,PH
78,Balas,City,,16.9334683,121.7587348,PH
7,El Olivar,City,,-34.1691251,-70.7169851,HN
74,Baitu,City,,36.049805,-115.244096,CN
43,Krasnovishersk,City,,60.0043226,56.655672,RU
9,Pampierstad,City,,-27.78905,24.69232,ZA
31,Xiaoruo,City,,26.272008,118.882455,CN
38,Tojal,City,Porto,41.2511521,-8.3148854,PT
33,Mullsjö,City,Jönköping,57.9250754,13.8832143,SE
34,Cam Ranh,City,,11.893334,109.1701666,VN
26,Guarumal,City,,8.3375063,-82.5510469,PA
95,Souto de Cima,City,Leiria,39.7406374,-8.7186315,PT
68,Xilin Hot,City,,43.933411,116.086032,CN
30,Évosmos,City,,40.6661376,22.9037753,GR
93,Ilihan,City,,14.6425547,121.010151,PH
41,Longping,City,,27.5566857,107.0336505,CN
87,Räpina,City,,58.0935206,27.4104797,EE
59,Chuarrancho,City,,14.8190224,-90.5131461,GT
85,Le Havre,City,Haute-Normandie,48.0386685,-2.9231898,FR
23,Hanover,City,Ontario,44.1498975,-81.0202533,CA
59,Yefremov,City,,53.0641593,38.0521393,RU
74,Yaohua,City,,31.297414,121.450653,CN
24,Petaling Jaya,City,Selangor,3.0993181,101.5915092,MY
88,Gangmian,City,,23.438818,112.018204,CN
91,Nīshābūr,City,,36.2140865,58.7960915,IR
8,Ishim,City,,56.1073342,69.6003357,RU
10,Psygansu,City,,43.4136328,43.7924407,RU
52,Voronezh,City,,51.7421319,39.1374839,RU
17,Winong,City,,-7.6695988,109.9526633,ID
36,Torino,City,Piemonte,45.0806751,7.6873152,IT
45,Norrköping,City,Östergötland,58.6050084,16.1608259,SE
63,Morelos,City,Morelos,18.9201578,-99.1802147,MX
96,Colombia,City,,20.9874938,-77.4185584,CU
55,Carhué,City,,-34.6738798,-58.4933597,AR
68,Chenjiatan,City,,32.187849,119.425836,CN
65,Belém,City,,-6.6906402,-35.5000999,BR
24,Rio de Mouro,City,Lisboa,38.7831729,-9.3242937,PT
97,Krajan Ngerdani,City,,-8.1966,111.611,ID
73,Cabra Figa,City,Lisboa,38.7527042,-9.3330417,PT
33,Parksville,City,British Columbia,49.3193375,-124.3136411,CA
60,Marseille,City,Provence-Alpes-Côte d'Azur,43.7441795,2.511999,FR
23,Huntsville,City,Alabama,34.6939733,-86.6107106,US
74,Maoyang,City,,27.718295,119.394148,CN
49,Binzhou,City,,37.38198,117.970699,CN
78,Habiganj,City,,24.4771236,91.4506565,BD
14,Donggaocun,City,,40.104785,117.116756,CN
11,Ivyanyets,City,,53.8882122,26.7405466,BY
54,Ambalavao,City,,-21.8315657,46.9368047,MG
72,Golden,City,British Columbia,51.29995,-116.9689,CA
3,Besuki Dua,City,,-7.232837,112.7295639,ID
73,Zhigulevsk,City,,53.3797233,49.5564219,RU
57,La Julia,City,,18.459998,-69.924643,DO
82,Castellon De La Plana/Castello De La Pla,City,Comunidad Valenciana,39.9658255,-0.0419877,ES
5,Quinta de Valadares,City,Setúbal,38.6052584,-9.1570572,PT
55,Kolonia Town,City,,6.9641667,158.2083333,FM
95,Situsari,City,,-7.258661,107.7710234,ID
64,Trần Văn Thời,City,,9.1009716,104.8921668,VN
26,Milówka,City,,49.5458457,19.0802389,PL
68,Bulu,City,,15.1315727,120.5976797,PH
71,Usuki,City,,31.5438478,130.5387356,JP
7,Horgo,City,,48.1862896,99.856925,MN
94,Ol Kalou,City,,-0.272699,36.3775152,KE
59,Sidzina,City,,49.5904912,19.710237,PL
47,Tongchuan,City,,34.897887,108.945019,CN
59,Guanshan,City,,31.753884,118.565462,CN
79,Gorbatov,City,,56.1276639,43.0729987,RU
45,Boden,City,Norrbotten,57.8857887,12.3260421,SE
48,Quimper,City,Bretagne,47.9962116,-4.1020654,FR
74,Wassa-Akropong,City,,5.77232,-2.091848,GH
91,Leudelange,City,,49.5704312,6.0632054,LU
13,Pyhäselkä,City,,62.5854497,29.767082,FI
61,Dalun,City,,38.914003,121.614682,CN
79,Changtang,City,,27.1840722,114.9749001,CN
59,Esperança,City,,-6.980092,-35.8934136,BR
99,Chaniá,City,,35.5138298,24.0180367,GR
36,Bledzew,City,,52.5234718,15.4078292,PL
42,Luozhou,City,,28.871569,105.44174,CN
91,Chruszczobród,City,,50.4251949,19.300593,PL
100,Matviyivka,City,,47.07472,35.14444,UA
50,Nizao,City,,18.5058296,-70.3051347,DO
54,Novoselë,City,,40.6230031,19.4690444,AL
7,Água de Pau,City,Ilha de São Miguel,37.7213799,-25.510372,PT
46,Ban Huai Thalaeng,City,,14.9649534,102.6298251,TH
19,Basey,City,,11.275175,125.0079426,PH
91,Pulo,City,,15.3098074,120.8551691,PH
95,Shiyuetian,City,,19.328109,108.952224,CN
12,Kanye,City,,-24.988061,25.3430203,BW
87,Palestina,City,,15.7832452,121.0086436,PH
5,Tilang,City,,-8.690455,122.1348629,ID
43,Boncis,City,,-7.5292266,110.5937834,ID
20,Coyah,City,,9.7086357,-13.3876116,GN
76,Kozakai-chō,City,,34.799583,137.3616256,JP
59,Newton,City,Massachusetts,40.7679191,-93.3362962,US
71,Liuzhi,City,,26.201227,105.480028,CN
56,Caeté,City,,-19.8852788,-43.6644238,BR
54,Braunschweig,City,Niedersachsen,52.2346447,10.5665003,DE
77,New York City,City,New York,40.7544003,-73.9801334,US
33,Safi,City,,31.975951,35.853029,JO
18,Tarnowiec,City,,49.7306956,21.5766828,PL
86,Nariño,City,,4.398278,-74.828718,CO
26,Helsingborg,City,Skåne,56.0265492,12.8055694,SE
6,Lewolang,City,,-8.271291,124.725037,ID
92,Kayl,City,,49.4941103,6.0360933,LU
52,Qianshan,City,,41.068909,122.949298,CN
62,Malko Tŭrnovo,City,,41.9797938,27.5250475,BG
17,Iraquara,City,,-12.2684648,-41.5612423,BR
87,Manalu,City,,2.1842278,98.577596,ID
87,Mendoza,City,,-34.5795379,-58.487763,AR
83,Magersari,City,,-7.466569,112.4500076,ID
36,Baranów,City,,52.1474235,20.4745018,PL
6,Zaragoza,City,Chiapas,28.4943597,-100.9185477,MX
98,Quince Mil,City,,-13.231069,-70.7549896,PE
30,Rochester,City,New York,43.1581207,-77.6063541,US
28,Yilkiqi,City,,37.948461,77.248479,CN
7,Touba,City,,8.2841689,-7.681943,CI
66,Futang,City,,32.890479,115.814504,CN
62,Aksakovo,City,,43.3182911,28.0224528,BG
2,Selasari,City,,-7.6031332,108.5344435,ID
65,Balīlā,City,,32.389131,35.9362859,JO
78,Xing’an,City,,25.611704,110.67167,CN
57,Foča,City,,43.505478,18.7772645,BA
59,Bov,City,,43.0318353,23.377264,BG
98,Qalandiyā,City,,31.861597,35.207914,PS
63,Longtang,City,,19.8838774,110.4153075,CN
22,Qiancang,City,,28.188157,121.030159,CN
74,Honiara,City,,-9.4456381,159.9728999,SB
27,Grenoble,City,Rhône-Alpes,45.1934857,5.7218985,FR
76,Kota Kinabalu,City,Sabah,6.0244601,116.1442241,MY
98,Carcassonne,City,Languedoc-Roussillon,44.346784,5.8855505,FR
93,Ucuncha,City,,-7.166519,-77.857819,PE
92,Tyszowce,City,,50.6170721,23.6993741,PL
27,Tagbina,City,,8.417766,126.207415,PH
2,Wan’an,City,,26.458254,114.786182,CN
95,Paranapanema,City,,-23.3866812,-48.7218983,BR
29,Delingha,City,,37.369435,97.360984,CN
72,Mosoc Llacta,City,,-14.12,-71.47278,PE
61,Pochayiv,City,,50.0005617,25.5072523,UA
27,Santo Tomas,City,,7.5273576,125.6239227,PH
20,Qigzhi,City,,34.56505,95.661523,CN
99,Oslo,City,Oslo,59.8913759,10.680635,NO
50,Jiangshi,City,,38.226652,115.510218,CN
14,Sandur,City,,61.8342207,-6.816861,FO
30,Jianli,City,,29.811574,112.897464,CN
26,Daxindian,City,,37.619096,120.846204,CN
92,Yanbei,City,,24.111841,112.910406,CN
56,Ngulung Wetan,City,,-8.298138,111.4812472,ID
55,Mambago,City,,7.1089121,125.6925429,PH
58,Xiyuan,City,,30.5859716,114.2689545,CN
50,San Jose,City,,14.5699334,121.0204582,PH
89,Barobo,City,,8.5211284,126.121732,PH
68,Dongshentou,City,,28.489465,121.896202,CN
97,Binuangeun,City,,-6.838862,105.8844726,ID
2,Simões Filho,City,,-12.8272291,-38.4003431,BR
65,Lyon,City,Rhône-Alpes,43.0429124,1.9038837,FR
56,Bedford,City,Québec,45.11678,-72.98244,CA
1,Liuhe,City,,42.284605,125.744735,CN
88,Garupá,City,,-26.8191146,-55.0182151,AR
12,Évodoula,City,,4.087552,11.20197,CM
35,Sujitan,City,,37.517256,101.225991,CN
75,Bujaków,City,,49.8391504,19.1930625,PL
27,Ciego de Ávila,City,,21.8405365,-78.7589558,CU
45,Ust’-Kachka,City,,58.00284,55.6720592,RU
92,Vostryakovo,City,,55.6613674,37.4429397,RU
85,Bodiosa a Velha,City,Viseu,40.7264865,-8.0002329,PT
58,Itu,City,,-23.2652376,-47.2997218,BR
9,Rancho Nuevo,City,Veracruz Llave,16.6675835,-92.5609482,MX
22,Ubatã,City,,-14.0699124,-39.5278264,BR
4,Dimona,City,,31.069419,35.033363,IL
81,Czyżowice,City,,49.9846987,18.4044199,PL
42,Amboise,City,Centre,45.7595382,4.8310921,FR
92,Al Mazār,City,,31.067952,35.6955945,JO
67,Sandy Bay,City,,18.4484094,-78.0751774,JM
72,Tours,City,Centre,45.70734,5.534063,FR
10,Vilarinho da Castanheira,City,Bragança,41.2044165,-7.2153847,PT
49,Lammi,City,,60.3891548,24.8224067,FI
24,Point Pedro,City,,9.7911208,80.1569366,LK
50,Sabana Grande de Palenque,City,,18.2604623,-70.1473203,DO
60,Hebian,City,,26.87365,115.102495,CN
35,Ourozinho,City,Viseu,40.951501,-7.3462545,PT
77,Fajões,City,Aveiro,40.9178949,-8.4250467,PT
23,Mawu,City,,23.642114,104.888718,CN
36,Lawrenceville,City,Georgia,40.4770427,-79.9571907,US
63,Ketanen,City,,-6.9176355,112.4500076,ID
90,San Jose,City,California,37.2422863,-121.7309452,US
67,Magay,City,,14.5966665,121.1870788,PH
60,Qianjin,City,,46.814102,130.375062,CN
4,Menol,City,,-7.4869186,108.4691492,ID
60,Tisma,City,,12.0806213,-86.0198103,NI
6,Luleå,City,Norrbotten,67.1356306,20.6831751,SE
15,Jargalant,City,,48.7277622,100.7724281,MN
34,San Antonio,City,,14.8670094,-88.7722444,HN
96,Matinao,City,,9.7532927,124.2968273,PH
17,Belén Gualcho,City,,14.4801593,-88.7908717,HN
2,Khanu Woralaksaburi,City,,16.0954654,99.8348146,TH
75,Tabuaço,City,Viseu,41.1154773,-7.5627051,PT
36,Jāti,City,,24.2957346,68.2441112,PK
52,Atlasovo,City,,55.6065,159.64266,RU
45,Velyki Kopany,City,,46.48684,32.97498,UA
11,Ferreñafe,City,,-6.6382226,-79.7904475,PE
39,Lestijärvi,City,,63.5272366,24.6581193,FI
98,Moramanga,City,,-18.9489026,48.2244268,MG
38,Dalovice,City,,50.2464907,12.905216,CZ
68,San Antonio Oeste,City,,-38.9156735,-67.9800178,AR
50,Pérama,City,,37.9656089,23.5677089,GR
31,Prachin Buri,City,,14.1060399,101.3470213,TH
67,Pangansalan,City,,-7.6150611,108.4988269,ID
6,Loma Bonita,City,Chiapas,16.733514,-93.0859557,MX
80,Córdoba,City,,0.8639157,-77.5529475,CO
90,Albuquerque,City,New Mexico,35.1332903,-106.6167113,US
70,Mandangoa,City,,8.748114,124.802831,PH
92,Jajarkrajan,City,,-8.1539,111.7051,ID
44,Jinjia,City,,28.818645,107.019761,CN
84,Bularit,City,,15.5653934,120.6147766,PH
62,Tehrān,City,,35.6891975,51.3889736,IR
1,Tembau,City,,-6.264999,106.8513919,ID
27,Wenfu,City,,26.463923,107.905837,CN
79,Gonghe,City,,36.284107,100.620031,CN
50,Hongqiao,City,,28.220406,121.038129,CN
74,Zdolbuniv,City,,50.5089112,26.2566443,UA
5,Grenoble,City,Rhône-Alpes,45.1934857,5.7218985,FR
66,Zhili,City,,39.914373,116.454205,CN
54,Quxi,City,,31.491169,120.31191,CN
48,Mineiros,City,,-17.5624415,-52.5489206,BR
8,Asheville,City,North Carolina,35.6046911,-82.4861053,US
9,Biryukove,City,,47.9560267,39.7419209,UA
8,Denver,City,Colorado,39.7167888,-104.9665815,US
49,Toulouse,City,Midi-Pyrénées,43.6504207,1.3412205,FR
39,Sisŏphŏn,City,,13.5955617,102.9665821,KH
59,Peza e Madhe,City,,41.3486394,19.8345726,AL
15,Três Pontas,City,,-21.3699248,-45.5113164,BR
20,Morbatoh,City,,-6.9216971,113.1650014,ID
89,Vila Maior,City,Aveiro,41.0062832,-8.4822972,PT
91,Jingxi,City,,23.134117,106.417805,CN
14,Zhanqian,City,,40.67267,122.258961,CN
62,Chenjiahe,City,,29.483676,109.989454,CN
46,Shizong,City,,24.822233,103.985321,CN
78,Boljoon,City,,9.618277,123.477572,PH
89,Gupakan,City,,-7.6309189,110.1899844,ID
99,Batumi,City,,41.6167547,41.6367455,GE
35,Banga,City,,6.382615,124.789568,PH
46,Victoria Falls,City,,-17.9318052,25.8255575,ZW
2,Freiburg im Breisgau,City,Baden-Württemberg,48.0044582,7.8374651,DE
27,Bileća,City,,42.8756616,18.4292187,BA
55,Bangunsari,City,,-8.1938024,111.0847891,ID
29,Owen Sound,City,Ontario,44.57629,-80.9206653,CA
68,Evansville,City,Indiana,37.97,-87.5699999,US
50,Chimbas,City,,-32.93645,-68.8733205,AR
8,Boto,City,,-7.6155876,110.7167165,ID
44,San Antonio,City,,-33.5922807,-71.6055123,CL
81,Konstantynów,City,,52.2060223,23.083666,PL
16,Bugojno,City,,44.0562486,17.4498275,BA
78,Bangued,City,,17.5946213,120.6194139,PH
20,Qingjiangqiao,City,,26.602423,110.994507,CN
18,Franca,City,,-20.5393288,-47.4013437,BR
76,Pindobaçu,City,,-10.7281603,-40.3496894,BR
64,Piteå,City,Norrbotten,65.3221906,21.4337149,SE
44,Qinnan,City,,21.938859,108.657209,CN
56,Mabini,City,,14.5024732,120.9921722,PH
8,Nova Pazova,City,,44.9442659,20.2192192,RS
6,Rokietnica,City,,52.5094874,16.7474972,PL
96,Kabūdarāhang,City,,35.2113383,48.7241621,IR
43,Ouro Branco,City,,-6.6760711,-36.9326095,BR
23,Chicago,City,Illinois,41.88,-87.62,US
85,Kýria,City,,41.099,24.28915,GR
45,Calinog,City,,11.1228862,122.5402486,PH
54,Lindavista,City,Oaxaca,19.5037694,-99.1324282,MX
13,Jatinagara,City,,-6.2307016,106.8827427,ID
62,Mabilang,City,,15.6627727,120.487985,PH
78,Zahlé,City,,33.8462304,35.9019775,LB
59,Yangying,City,,37.433963,118.674614,CN
82,Hoolt,City,,45.533333,102.983333,MN
52,Cruzeiro do Oeste,City,,-23.7834562,-53.0762805,BR
66,Volosovo,City,,59.4430147,29.4885599,RU
4,Rafaḩ,City,,31.2802667,34.2401914,EG
72,Kikuchi,City,,33.0205233,130.8260172,JP
68,San Francisco,City,,8.508983,125.969667,PH
86,Qinhe,City,,37.039991,115.667208,CN
5,Xinjie,City,,32.0378049,118.7870855,CN
39,Łęki,City,,50.023333,20.6832469,PL
17,Severka,City,,56.8674893,60.2882554,RU
66,Pojan,City,,40.7273859,20.8344302,AL
23,Linfen,City,,36.088005,111.518975,CN
26,Tartouss,City,,34.8959276,35.8866517,SY
19,El Adelanto,City,,14.175851,-89.861368,GT
2,Iḩsim,City,,35.7208473,36.5567371,SY
36,Ban Talat Bueng,City,,13.0742447,101.0084698,TH
4,Al Jawādīyah,City,,36.9853085,41.8184743,SY
88,Áno Kastrítsion,City,,38.26667,21.83333,GR
17,Sanyantang,City,,28.7612,112.360871,CN
39,Ystad,City,Skåne,55.583006,13.0105903,SE
99,Pajung,City,,-6.97632,109.471802,ID
5,Gaojiabu,City,,39.796583,112.453708,CN
68,Narganá,City,,9.0592797,-79.4154819,PA
73,Xingbin,City,,23.72892,109.183333,CN
19,Marbel,City,,7.1756111,124.9231052,PH
40,Gilin,City,,-8.351844,116.0561632,ID
15,Khŭjand,City,,40.2675155,69.6452877,TJ
44,Huayuan,City,,28.572029,109.482078,CN
84,Castelo de Vide,City,Portalegre,39.4158155,-7.4562886,PT
60,Santa Cruz do Capibaribe,City,,-7.9484331,-36.2064182,BR
40,Santa Cruz,City,,13.0748879,120.7213113,PH
92,Staropyshminsk,City,,56.9362366,60.8962022,RU
16,Podosinovets,City,,60.2737879,47.0693131,RU
9,Tanahbeureum,City,,-0.9233715,100.4547262,ID
77,Chanhe,City,,34.67985,112.500205,CN
91,Prince Edward,City,Ontario,46.6202927,-64.386599,CA
52,Sundbyberg,City,Stockholm,59.3687545,17.9778073,SE
97,Charleston,City,West Virginia,38.35,-81.63,US
45,Mölndal,City,Västra Götaland,57.6809089,12.0018674,SE
10,Al Mayādīn,City,,35.0160783,40.44654,SY
29,Gojō,City,,34.3507417,135.6964987,JP
7,Xinzhou,City,,38.416663,112.734174,CN
71,Colombia,City,,20.9874938,-77.4185584,CU
63,Gowurdak,City,,37.8163881,66.0285106,TM
3,Asan-Maina Village,City,,13.460196,144.715468,GU
19,Juncalito Abajo,City,,19.2199,-70.81905,DO
73,Sidamukti,City,,-6.858925,108.2080973,ID
98,San Nicolás,City,,14.9415552,-88.3263603,HN
4,Sinyavino,City,,59.9080511,31.0722897,RU
44,Kedungsinggil,City,,-8.0993,111.9161,ID
5,At-Bashi,City,,41.1694718,75.8098141,KG
8,Quartier Morin,City,,19.6990411,-72.1579033,HT
34,Hongshunli,City,,39.158445,117.195351,CN
89,Tulsa,City,Oklahoma,36.1964847,-95.8459341,US
61,Ampelákia,City,,37.9510555,23.5280223,GR
14,Malesína,City,,38.6226736,23.2352639,GR
46,Karvia,City,,62.1331515,22.55812,FI
75,Janaúba,City,,-15.813904,-43.3043938,BR
43,Marne-la-Vallée,City,Île-de-France,48.8383589,2.6618245,FR
99,Sumberkrajan,City,,-7.5476215,110.8102573,ID
73,Chão de Couce,City,Leiria,39.8926924,-8.3687908,PT
84,Pedro Carbo,City,,-1.8197455,-80.2377078,EC
28,Chernogorsk,City,,53.7835379,91.3543318,RU
5,Port-Cartier,City,Québec,50.0234664,-66.8869412,CA
78,La Cruz,City,,1.6135167,-76.8951551,CO
76,Ambositra,City,,-20.5362627,47.2459749,MG
75,Amuru,City,,2.9667878,32.0837445,UG
87,Notodden,City,Telemark,59.5785947,9.2442028,NO
66,Cuozhou,City,,35.950418,101.925248,CN
86,Hangbu,City,,29.049672,93.953264,CN
14,Chikwawa,City,,-16.0437784,34.8016945,MW
55,Dolno Palčište,City,,41.9690977,20.9265111,MK
54,Roskoshnyy,City,,48.5006149,34.6523446,UA
2,San Diego,City,,10.333974,-73.180718,CO
58,Krajan Satu,City,,-7.3743397,110.2648159,ID
100,Działdowo,City,,53.2385231,20.1681128,PL
9,Krajan Jabungcandi,City,,-7.7218793,113.4785837,ID
45,Nguigmi,City,,14.2553505,13.1134915,NE
3,Obo,City,,41.7941883,123.3695459,CN
93,Quisao,City,,14.4392961,121.3345633,PH
44,Żoliborz,City,,50.1823264,19.2871769,PL
26,Kelaniya,City,,6.9782137,79.9115522,LK
32,Labuhanjambu,City,,-8.68633,118.0771515,ID
50,Weicheng,City,,34.361988,108.737212,CN
14,Pridraga,City,,44.1509604,15.5846313,HR
37,Jiuxian,City,,25.130594,109.768451,CN
45,Barotac Nuevo,City,,10.890338,122.6900188,PH
31,São João dos Montes,City,Lisboa,38.9322221,-9.0158578,PT
93,Kolno,City,,53.4077753,21.9326485,PL
59,Carcassonne,City,Languedoc-Roussillon,44.346784,5.8855505,FR
67,Argostólion,City,,38.1731682,20.4899734,GR
96,Xiangride,City,,36.089488,97.863214,CN
46,Gubu,City,,27.874615,98.993616,CN
66,Nguigmi,City,,14.2553505,13.1134915,NE
58,Nunsena,City,,-9.7934897,124.4319309,ID
55,Ágios Stéfanos,City,,39.7538282,19.641646,GR
1,Achiras,City,,-31.6252512,-64.4385856,AR
14,Lucé,City,Centre,45.9028599,3.95435,FR
4,Kindu,City,,-2.9492205,25.9231471,CD
24,Zhushan Chengguanzhen,City,,32.235967,110.227954,CN
40,Aldeia de Além,City,Santarém,39.4113773,-8.803326,PT
83,Schaan,City,,47.1667317,9.5112002,LI
35,Issy-les-Moulineaux,City,Île-de-France,48.821908,2.2615744,FR
85,Monastyrshchina,City,,54.2732308,32.014211,RU
42,Bitanjuan,City,,10.5955,124.7663,PH
11,Orito,City,,0.66643,-76.87192,CO
12,Sarykemer,City,,43.0052216,71.513917,KZ
57,Qingshui,City,,34.749864,106.137293,CN
27,Koror Town,City,,7.3410628,134.4771596,PW
49,Makubetsu,City,,45.37139,141.82111,JP
24,Zhougao,City,,30.17106,108.165335,CN
91,Ryazanskaya,City,,44.956561,39.5853276,RU
59,Loughrea,City,,53.2911347,-6.3506335,IE
69,Wojnicz,City,,49.9579835,20.8378422,PL
42,Xinxian,City,,31.643918,114.879239,CN
76,Huyang,City,,22.9353419,113.6587617,CN
61,Nanjing,City,,32.060255,118.796877,CN
69,Erie,City,Pennsylvania,42.0948645,-80.1707662,US
85,Belanting,City,,-8.321199,116.5963713,ID
46,Fucheng,City,,37.868872,116.144417,CN
13,Troparëvo,City,,55.6558059,37.4793238,RU
21,El Peñol,City,,1.5316053,-77.4128193,CO
48,Xiyang,City,,37.612712,113.707184,CN
40,Yijing,City,,22.555855,114.140113,CN
45,Turangi,City,,-38.9898711,175.8087485,NZ
37,Minshan,City,,30.6474812,104.0662289,CN
25,Xiangfu,City,,34.756916,114.441285,CN
66,Grigiškės,City,,54.6680772,25.1126281,LT
15,Lazeshchyna,City,,48.2735736,24.411971,UA
39,Wensu,City,,41.276688,80.238959,CN
86,Guayabetal,City,,4.2157,-73.81476,CO
52,Situ,City,,36.25745,112.891275,CN
50,Solna,City,Stockholm,59.3771328,18.0104218,SE
84,Guta,City,,41.117245,121.128279,CN
68,Lijiapu,City,,29.49574,111.926694,CN
48,Prokhladnyy,City,,56.07458,92.8703415,RU
29,Lingcheng,City,,37.335794,116.576092,CN
1,Lages,City,,-27.8157141,-50.3263964,BR
23,Dresden,City,Sachsen,51.0845418,13.6458926,DE
11,Komatsushimachō,City,,34.0108524,134.5849521,JP
6,Riolândia,City,,-20.015942,-49.7319925,BR
32,Zhukovskiy,City,,55.580853,38.136671,RU
37,Batu,City,,16.4329878,121.1113259,PH
18,Chencai,City,,30.893837,121.092179,CN
33,Shijiazhai,City,,38.042805,114.514893,CN
40,Kitsuki,City,,33.4180537,131.6156723,JP
62,Foluo,City,,18.578496,108.736289,CN
13,Paihia,City,,-35.3714074,174.0890941,NZ
33,Uyen Hung,City,,11.0841596,106.7883416,VN
95,Saint-Denis,City,Île-de-France,48.922709,2.3425328,FR
83,Borovskiy,City,,57.0473862,65.7110972,RU
86,Lugait,City,,8.3345712,124.2510844,PH
47,Pichilemu,City,,-34.3867245,-72.0047731,CL
37,Tarakaniv,City,,50.3838631,25.7085224,UA
75,Vila Flor,City,Bragança,41.3088508,-7.1616883,PT
40,Kálamos,City,,38.6218706,20.9089378,GR
76,Kayl,City,,49.4941103,6.0360933,LU
43,Bogojevo,City,,45.536587,19.150386,RS
15,Cepões,City,Viseu,40.7485192,-7.8032048,PT
7,San Pedro Jocopilas,City,,15.0952158,-91.1508967,GT
98,Odiongan,City,,12.405227,121.990643,PH
63,Charleston,City,West Virginia,38.35,-81.63,US
74,Tagawa,City,,38.6913664,139.7516875,JP
18,Janūb as Surrah,City,,29.26917,47.97806,KW
81,Bergen op Zoom,City,Provincie Noord-Brabant,51.5004971,4.2864439,NL
65,Pau,City,Aquitaine,43.2916776,-0.3696612,FR
10,Pokrovskoye,City,,57.3579277,61.6905815,RU
34,Yasenevo,City,,55.600738,37.5321289,RU
36,Mchinji,City,,-13.8000058,32.8930441,MW
75,Shuikou,City,,26.319938,113.810157,CN
20,Carnot,City,,4.9404212,15.8789403,CF
54,Khao Yoi,City,,13.2394415,99.7901781,TH
1,Hội An,City,,15.8800584,108.3380469,VN
40,Chachoengsao,City,,13.6902068,101.0701959,TH
29,Padhahegha,City,,-8.7733,121.137,ID
14,Pittsburgh,City,Pennsylvania,40.4888987,-79.8900686,US
90,Shangjin,City,,29.841047,112.673519,CN
85,Baruchowo,City,,52.4818411,19.2910855,PL
55,Darvi,City,,46.4695205,94.0976021,MN
11,Guanqian,City,,31.311376,120.627532,CN
6,Xinmin,City,,41.985186,122.836723,CN
49,Köyliö,City,,61.0678389,22.5515075,FI
29,San Luis,City,Coahuila De Zaragoza,22.1564699,-100.9855409,MX
19,København,City,Region Hovedstaden,55.6735947,12.5510678,DK
72,Casais Brancos,City,Leiria,39.3404866,-9.2987056,PT
35,Wuli,City,,29.893672,110.346166,CN
15,Wufeng,City,,30.199688,110.674706,CN
39,Stockholm,City,Stockholm,59.3405742,18.0667759,SE
95,Salegading,City,,-6.9392,113.7538,ID
8,Tuwa,City,,-1.325763,119.9856157,ID
32,Balma,City,Midi-Pyrénées,43.6227518,1.5256514,FR
74,Zaragoza,City,Coahuila De Zaragoza,28.4943597,-100.9185477,MX
8,Jinshi,City,,29.60548,111.877499,CN
94,Deskle,City,,46.0531262,13.613736,SI
13,Wichit,City,,7.9047781,98.3512841,TH
50,Stockholm,City,Stockholm,59.3164285,18.0590482,SE
35,Dete,City,,-18.6236377,26.8615857,ZW
95,Yizhivtsi,City,,48.0414975,25.6513963,UA
47,Staré Město,City,,50.1617318,16.9473457,CZ
13,Hagi,City,,32.4286242,130.6493402,JP
11,Hamilton,City,,32.2945837,-64.7858887,BM
100,Lambton Shores,City,Ontario,43.16678,-81.93309,CA
55,Yingdianjie,City,,29.808374,120.118331,CN
64,København,City,Region Hovedstaden,44.351935,-87.8445954,DK
8,Guaçuí,City,,-20.7784132,-41.6847632,BR
42,Lebedyan’,City,,52.999325,39.118232,RU
39,Mostovskoy,City,,44.3703217,40.8103225,RU
60,Sabae,City,,35.8515197,136.1957329,JP
